id_cliente,nombre_cliente,email,ciudad_0,ciudad_1,ciudad_2,fecha_alta
1,Mariana Lopez,mariana.lopez@mail.com,0,0,1,2023-01-01
2,Nicolas Rojas,nicolas.rojas@mail.com,0,0,1,2023-01-02
3,Hernan Martinez,hernan.martinez@mail.com,0,1,0,2023-01-03
4,Uma Martinez,uma.martinez@mail.com,0,0,1,2023-01-04
5,Agustina Flores,agustina.flores@mail.com,0,1,1,2023-01-05
6,Uma Medina,uma.medina@mail.com,1,0,0,2023-01-06
7,Emilia Castro,emilia.castro@mail.com,0,1,0,2023-01-07
8,Bruno Castro,bruno.castro@mail.com,0,0,1,2023-01-08
9,Yamila Molina,yamila.molina@mail.com,0,0,1,2023-01-09
10,Karina Acosta,karina.acosta@mail.com,0,1,1,2023-01-10
11,Helena Sanchez,helena.sanchez@mail.com,1,0,0,2023-01-11
12,Gael Gomez,gael.gomez@mail.com,1,0,1,2023-01-12
13,Ivana Sanchez,ivana.sanchez@mail.com,0,0,1,2023-01-13
14,Gael Martinez,gael.martinez@mail.com,0,0,1,2023-01-14
15,Tomas Ruiz,tomas.ruiz@mail.com,0,1,1,2023-01-15
16,Felipe Alvarez,felipe.alvarez@mail.com,0,1,0,2023-01-16
17,Pablo Gomez,pablo.gomez@mail.com,1,0,0,2023-01-17
18,Ivana Torres,ivana.torres@mail.com,0,0,1,2023-01-18
19,Uma Silva,uma.silva@mail.com,1,1,0,2023-01-19
20,Tomas Acosta,tomas.acosta@mail.com,0,1,0,2023-01-20
21,Elena Rodriguez,elena.rodriguez@mail.com,1,0,1,2023-01-21
22,Franco Rodriguez,franco.rodriguez@mail.com,1,0,1,2023-01-22
23,Helena Fernandez,helena.fernandez@mail.com,0,1,0,2023-01-23
24,Nicolas Silva,nicolas.silva@mail.com,1,0,0,2023-01-24
25,Karina Castro,karina.castro@mail.com,0,1,0,2023-01-25
26,Camila Sanchez,camila.sanchez@mail.com,1,0,1,2023-01-26
27,Tomas Castro,tomas.castro@mail.com,0,1,0,2023-01-27
28,Rocio Silva,rocio.silva@mail.com,0,1,1,2023-01-28
29,Diego Fernandez,diego.fernandez@mail.com,1,0,1,2023-01-29
30,Ivana Medina,ivana.medina@mail.com,1,0,1,2023-01-30
31,Felipe Ruiz,felipe.ruiz@mail.com,1,0,0,2023-01-31
32,Martina Alvarez,martina.alvarez@mail.com,1,1,0,2023-02-01
33,Franco Acosta,franco.acosta@mail.com,0,1,0,2023-02-02
34,Bruno Castro,bruno.castro2@mail.com,1,0,0,2023-02-03
35,Yamila Lopez,yamila.lopez@mail.com,1,1,0,2023-02-04
36,Martina Molina,martina.molina@mail.com,1,1,0,2023-02-05
37,Martina Perez,martina.perez@mail.com,1,1,0,2023-02-06
38,Franco Herrera,franco.herrera@mail.com,1,0,1,2023-02-07
39,Santiago Diaz,santiago.diaz@mail.com,1,0,1,2023-02-08
40,Felipe Diaz,felipe.diaz@mail.com,0,1,0,2023-02-09
41,Elena Rodriguez,elena.rodriguez2@mail.com,1,0,1,2023-02-10
42,Tomas Flores,tomas.flores@mail.com,1,0,1,2023-02-11
43,Lucas Perez,lucas.perez@mail.com,1,1,0,2023-02-12
44,Camila Romero,camila.romero@mail.com,0,0,1,2023-02-13
45,Olivia Castro,olivia.castro@mail.com,0,1,0,2023-02-14
46,Agustina Martinez,agustina.martinez@mail.com,1,0,1,2023-02-15
47,Franco Silva,franco.silva@mail.com,1,0,1,2023-02-16
48,Rocio Alvarez,rocio.alvarez@mail.com,0,1,1,2023-02-17
49,Olivia Gomez,olivia.gomez@mail.com,0,1,0,2023-02-18
50,Lucas Diaz,lucas.diaz@mail.com,0,0,1,2023-02-19
51,Agustina Gomez,agustina.gomez@mail.com,0,1,0,2023-02-20
52,Diego Diaz,diego.diaz@mail.com,0,1,0,2023-02-21
53,Emilia Rojas,emilia.rojas@mail.com,1,1,0,2023-02-22
54,Uma Herrera,uma.herrera@mail.com,1,0,1,2023-02-23
55,Olivia Ruiz,olivia.ruiz@mail.com,1,1,0,2023-02-24
56,Bruno Diaz,bruno.diaz@mail.com,0,1,0,2023-02-25
57,Julian Acosta,julian.acosta@mail.com,0,1,0,2023-02-26
58,Karina Acosta,karina.acosta2@mail.com,0,1,0,2023-02-27
59,Emilia Ruiz,emilia.ruiz@mail.com,1,0,0,2023-02-28
60,Uma Gonzalez,uma.gonzalez@mail.com,1,0,1,2023-03-01
61,Guadalupe Martinez,guadalupe.martinez@mail.com,0,1,0,2023-03-02
62,Guadalupe Romero,guadalupe.romero@mail.com,0,0,1,2023-03-03
63,Pablo Medina,pablo.medina@mail.com,0,1,1,2023-03-04
64,Julian Alvarez,julian.alvarez@mail.com,1,0,0,2023-03-05
65,Tomas Perez,tomas.perez@mail.com,1,0,1,2023-03-06
66,Tomas Herrera,tomas.herrera@mail.com,1,0,0,2023-03-07
67,Ivana Romero,ivana.romero@mail.com,1,0,1,2023-03-08
68,Uma Torres,uma.torres@mail.com,1,0,0,2023-03-09
69,Felipe Flores,felipe.flores@mail.com,0,1,0,2023-03-10
70,Julian Diaz,julian.diaz@mail.com,0,0,1,2023-03-11
71,Valentina Alvarez,valentina.alvarez@mail.com,1,0,0,2023-03-12
72,Camila Rodriguez,camila.rodriguez@mail.com,0,1,1,2023-03-13
73,Yamila Diaz,yamila.diaz@mail.com,1,0,1,2023-03-14
74,Zoe Flores,zoe.flores@mail.com,0,0,1,2023-03-15
75,Santiago Castro,santiago.castro@mail.com,0,1,0,2023-03-16
76,Pablo Perez,pablo.perez@mail.com,1,1,0,2023-03-17
77,Bruno Alvarez,bruno.alvarez@mail.com,1,0,0,2023-03-18
78,Emilia Alvarez,emilia.alvarez@mail.com,1,0,0,2023-03-19
79,Olivia Perez,olivia.perez@mail.com,0,0,1,2023-03-20
80,Gael Ruiz,gael.ruiz@mail.com,1,1,0,2023-03-21
81,Camila Ruiz,camila.ruiz@mail.com,0,0,1,2023-03-22
82,Lucas Lopez,lucas.lopez@mail.com,1,0,1,2023-03-23
83,Franco Gomez,franco.gomez@mail.com,0,1,0,2023-03-24
84,Pablo Sanchez,pablo.sanchez@mail.com,0,1,1,2023-03-25
85,Agustina Martinez,agustina.martinez2@mail.com,1,1,0,2023-03-26
86,Diego Torres,diego.torres@mail.com,0,1,1,2023-03-27
87,Bautista Lopez,bautista.lopez@mail.com,1,0,1,2023-03-28
88,Felipe Castro,felipe.castro@mail.com,1,0,0,2023-03-29
89,Karina Martinez,karina.martinez@mail.com,0,1,0,2023-03-30
90,Guadalupe Ruiz,guadalupe.ruiz@mail.com,0,1,0,2023-03-31
91,Uma Sanchez,uma.sanchez@mail.com,1,1,0,2023-04-01
92,Mariana Rodriguez,mariana.rodriguez@mail.com,1,0,1,2023-04-02
93,Gael Rojas,gael.rojas@mail.com,1,0,1,2023-04-03
94,Elena Sanchez,elena.sanchez@mail.com,1,1,0,2023-04-04
95,Olivia Perez,olivia.perez2@mail.com,0,1,0,2023-04-05
96,Rocio Gonzalez,rocio.gonzalez@mail.com,0,1,1,2023-04-06
97,Uma Alvarez,uma.alvarez@mail.com,0,1,1,2023-04-07
98,Camila Castro,camila.castro@mail.com,0,1,1,2023-04-08
99,Bruno Molina,bruno.molina@mail.com,1,0,0,2023-04-09
100,Agustina Lopez,agustina.lopez@mail.com,0,1,1,2023-04-10
